A,ACHIEVEMENT
A,ALPHABET
A,GRADE
A,LOT
A,OUTSTANDING
A,TYPE
A,VITAMIN
AARDVARK,ANTEATER
ABDOMEN,STOMACH
ABDUCT,KIDNAP
ABILITY,ABLE
ABILITY,CAPABILITY
ABILITY,CAPACITY
ABILITY,COMPETENCE
ABILITY,EASE
ABILITY,EFFORT
ABILITY,FUNCTION
ABILITY,INABILITY
ABILITY,LACK
ABILITY,LEADERSHIP
ABILITY,MEANS
ABILITY,PERFORMANCE
ABILITY,PERMISSION
ABILITY,POTENTIAL
ABILITY,SKILL
ABILITY,STRENGTH
ABILITY,TALENT
ABILITY,TENDENCY
ABLE,ABILITY
ABLE,BE
ABLE,CAN
ABLE,CANE
ABLE,CAPABILITY
ABLE,COMPETENCE
ABLE,IMPOSSIBLE
ABLE,INABILITY
ABLE,NOT
ABLE,POSSIBILITY
ABLE,POSSIBLE
ABLE,READY
ABLE,WILL
ABLE,WILLING
ABNORMAL,BEHAVIOR
ABNORMAL,CONDITION
ABNORMAL,DISORDER
ABNORMAL,IRREGULAR
ABNORMAL,NORM
ABNORMAL,NORMAL
ABNORMAL,ROUTINE
ABNORMAL,UNNATURAL
ABNORMAL,UNUSUAL
ABNORMAL,WEIRD
ABOVE,AVERAGE
ABOVE,BELOW
ABOVE,BENEATH
ABOVE,BEYOND
ABOVE,EXCEL
ABOVE,HEAD&SHOULDERS
ABOVE,HEAVEN
ABOVE,OVER
ABOVE,RIM
ABOVE,STARS
ABOVE,SUPERIOR
ABOVE,TOP
ABOVE,UNDER
ABOVE,UPSTAIRS
ABSENCE,ATTENDANCE
ABSENCE,PRESENCE
ABSENT,ATTEND
ABSENT,ATTENDANCE
ABSENT,BLANK
ABSENT,EXCUSE
ABSENT,MINDED
ABSENT,MISSING
ABSENT,OUT
ABSENT,PRESENT
ABSTRACT,ART
ABSTRACT,CONCRETE
ABSTRACT,UNCLEAR
ABSTRACT,VAGUE
ABSURD,RIDICULOUS
ABUNDANCE,DEPLETION
ABUNDANCE,ENOUGH
ABUNDANCE,GENEROUS
ABUNDANCE,OVERFLOW
ABUNDANCE,PLENTY
ABUNDANCE,SCARCITY
ABUSE,ALCOHOL
ABUSE,BEAT
ABUSE,DRUG
ABUSE,DRUGS
ABUSE,MISTREAT
ABUSE,NEGLECT
ABUSE,RAPE
ABUSE,SHAME
ABUSE,SUBSTANCE
ABUSE,TORTURE
ABUSE,USE
ABUSE,VICTIM
ACCELERATE,BRAKE